Part,Avgerage Money Spent
PartB,839.0909090909091
PartG,836.5454545454545
PartD,836.1818181818181
PartE,832.0
PartF,825.8181818181819
PartH,823.3636363636364
PartA,811.5454545454545
PartC,806.0
