Part,Avgerage Money Spent
PartA,338.5
PartD,319.3333333333333
PartB,318.3333333333333
PartC,290.8333333333333
